{
  "selection": [
    {
      "order": 0,
      "ligatures": "",
      "prevSize": 32,
      "name": "dmu-loaded"
    },
    {
      "order": 0,
      "ligatures": "",
      "prevSize": 32,
      "name": "dmu-unloaded"
    },
    {
      "order": 0,
      "ligatures": "",
      "prevSize": 32,
      "name": "pointer-disabled"
    },
    {
      "order": 0,
      "ligatures": "",
      "prevSize": 32,
      "name": "gyroscope"
    },
    {
      "order": 0,
      "ligatures": "",
      "prevSize": 32,
      "name": "dragonfly"
    },
    {
      "order": 0,
      "ligatures": "",
      "prevSize": 32,
      "name": "gizmos"
    },
    {
      "order": 0,
      "ligatures": "",
      "prevSize": 32,
      "name": "normal-view"
    },
    {
      "order": 0,
      "ligatures": "",
      "prevSize": 32,
      "name": "sections"
    },
    {
      "order": 0,
      "ligatures": "",
      "prevSize": 32,
      "name": "square"
    },
    {
      "order": 0,
      "ligatures": "",
      "prevSize": 32,
      "name": "cube2"
    },
    {
      "order": 0,
      "ligatures": "",
      "prevSize": 32,
      "name": "sphere"
    },
    {
      "order": 0,
      "ligatures": "",
      "prevSize": 32,
      "name": "cylinder"
    },
    {
      "order": 0,
      "ligatures": "",
      "prevSize": 32,
      "name": "cone"
    },
    {
      "order": 0,
      "ligatures": "",
      "prevSize": 32,
      "name": "cone-truncated"
    },
    {
      "order": 0,
      "ligatures": "",
      "prevSize": 32,
      "name": "cone-hollow"
    },
    {
      "order": 0,
      "ligatures": "",
      "prevSize": 32,
      "name": "torus"
    },
    {
      "order": 0,
      "ligatures": "",
      "prevSize": 32,
      "name": "prism"
    },
    {
      "order": 0,
      "ligatures": "",
      "prevSize": 32,
      "name": "paraboloid"
    },
    {
      "order": 0,
      "ligatures": "",
      "prevSize": 32,
      "name": "stairs"
    },
    {
      "order": 0,
      "ligatures": "",
      "prevSize": 32,
      "name": "door"
    },
    {
      "order": 0,
      "ligatures": "",
      "prevSize": 32,
      "name": "stairs-curved"
    },
    {
      "order": 0,
      "ligatures": "",
      "prevSize": 32,
      "name": "arch"
    },
    {
      "order": 0,
      "ligatures": "",
      "prevSize": 32,
      "name": "pipe"
    },
    {
      "order": 0,
      "ligatures": "",
      "prevSize": 32,
      "name": "bend"
    },
    {
      "order": 0,
      "ligatures": "",
      "prevSize": 32,
      "name": "assembly"
    },
    {
      "order": 0,
      "ligatures": "",
      "prevSize": 32,
      "name": "part"
    }
  ],
  "metadata": {
    "name": "Fugui",
    "fontFamily": "",
    "iconsHash": 1038710599
  },
  "height": 1024,
  "prevSize": 32,
  "icons": [
    {
      "paths": [
        "M428.809 30.814c53.403-21.362 112.977-21.362 166.385 0l368.461 147.383c36.448 14.579 60.345 49.879 60.345 89.134v489.338c0 39.257-23.897 74.554-60.345 89.132l-368.461 147.384c-53.407 21.363-112.981 21.363-166.385 0l-368.463-147.384c-36.446-14.579-60.347-49.875-60.347-89.132v-489.338c0-39.255 23.9-74.555 60.347-89.134l368.463-147.383zM236.988 258.763c-16.15-7.178-35.060 0.095-42.237 16.245s0.095 35.062 16.245 42.238l268.989 119.553v299.206c0 17.67 14.327 32 32 32s32.004-14.33 32.004-32v-299.206l268.999-119.553c16.153-7.177 23.424-26.089 16.25-42.238-7.181-16.15-26.086-23.424-42.24-16.246l-275.010 122.224-274.996-122.224z"
      ],
      "tags": [
        "dmu-loaded"
      ],
      "defaultCode": 57507,
      "grid": 16
    },
    {
      "paths": [
        "M236.989 258.762c-16.15-7.179-35.060 0.095-42.237 16.245s0.095 35.062 16.245 42.239l268.989 119.554v299.206c0 17.67 14.327 32 32 32s32.004-14.33 32.004-32v-299.206l268.999-119.554c16.154-7.177 23.424-26.089 16.25-42.239-7.181-16.15-26.086-23.424-42.24-16.246l-275.010 122.224-274.996-122.224z",
        "M595.194 30.813c-53.408-21.363-112.981-21.363-166.385 0l-368.463 147.384c-36.446 14.579-60.346 49.879-60.346 89.134v489.338c0 39.257 23.9 74.554 60.346 89.132l368.463 147.385c53.404 21.364 112.977 21.364 166.385 0l368.461-147.385c36.447-14.579 60.345-49.875 60.345-89.132v-489.338c0-39.255-23.897-74.555-60.345-89.134l-368.461-147.384zM452.578 90.236c38.146-15.259 80.696-15.259 118.846 0l368.461 147.385c12.147 4.86 20.115 16.626 20.115 29.711v489.338c0 13.087-7.967 24.851-20.115 29.715l-368.461 147.379c-38.15 15.258-80.701 15.258-118.846 0l-368.463-147.379c-12.149-4.864-20.115-16.627-20.115-29.715v-489.338c0-13.085 7.966-24.851 20.116-29.711l368.461-147.385z"
      ],
      "tags": [
        "dmu-unloaded"
      ],
      "defaultCode": 57508,
      "grid": 16
    },
    {
      "paths": [
        "M775.247 351.376c0-50.881-28.267-96.109-79.148-107.416l-548.386-186.564c-45.227-16.96-90.456 0-118.722 33.921s-39.575 79.148-16.96 118.722c0 0 0 0 0 0l254.406 548.386c16.96 39.575 56.535 67.842 101.762 67.842 5.654 0 11.306 0 16.96 0 50.881-5.654 90.456-45.227 96.109-96.109l28.267-220.485 186.564-50.881c45.227-16.96 79.148-56.535 79.148-107.416zM481.267 402.257c-45.227 11.306-73.495 50.881-79.148 96.109l-28.267 220.485-260.059-554.039 548.386 180.91-180.91 56.535z",
        "M939.197 571.861c-5.654 0-5.654-5.654 0 0-5.654-5.654-5.654-5.654-5.654-5.654-39.575-28.267-84.802-45.227-135.683-45.227-124.377 0-226.139 101.762-226.139 226.139 0 73.495 33.921 135.683 84.802 175.258 0 0 0 5.654 5.654 5.654 0 0 0 0 5.654 0 39.575 28.267 84.802 45.227 130.029 45.227 124.377 0 226.139-101.762 226.139-226.139 0-73.495-33.921-135.683-84.802-175.258zM684.792 747.119c0-62.188 50.881-113.069 113.069-113.069 5.654 0 11.306 0 11.306 0l-118.722 158.297c0-16.96-5.654-28.267-5.654-45.227zM797.86 860.188c-5.654 0-11.306 0-11.306 0l118.722-158.297c5.654 11.306 11.306 28.267 11.306 45.227-5.654 62.188-56.535 113.069-118.722 113.069z"
      ],
      "tags": [
        "pointer-disabled"
      ],
      "defaultCode": 57509,
      "grid": 16
    },
    {
      "paths": [
        "M512 0c-282.264 0-512 229.736-512 512 0 125.875 45.675 241.4 121.333 330.667l-54.667 53.333c-0.867-0.035-1.792 0-2.667 0-35.347 0-64 28.654-64 64s28.654 64 64 64c35.347 0 64-28.654 64-64 0-0.874 0.035-1.8 0-2.667l53.333-54.667c89.267 75.659 204.792 121.333 330.667 121.333 282.264 0 512-229.736 512-512 0-125.875-45.675-241.4-121.333-330.667l54.667-53.333c0.867 0.035 1.792 0 2.667 0 35.347 0 64-28.654 64-64s-28.654-64-64-64c-35.347 0-64 28.654-64 64 0 0.874-0.035 1.8 0 2.667l-53.333 54.667c-89.267-75.659-204.792-121.333-330.667-121.333zM512 85.333c92.676 0 178.136 30.071 248 80-8.511-0.391-16.952 0.35-25.334 1.333-33.526 3.933-67.743 17.239-105.333 36-28.286 14.117-58.766 33.617-89.333 54.667-38.591-25.496-76.046-45.031-113.333-58.667-77.884-28.481-157.856-32.811-209.334 18.667s-47.148 131.449-18.667 209.334c13.636 37.288 33.171 74.743 58.667 113.333-21.049 30.568-40.549 61.046-54.667 89.333-18.761 37.591-32.066 71.808-36 105.333-0.983 8.381-1.785 16.874-1.333 25.334-49.929-69.864-80-155.324-80-248 0-236.147 190.52-426.667 426.667-426.667zM744 252c18.507-2.171 24.281 1.616 25.334 2.667s4.837 6.827 2.667 25.334c-2.171 18.507-10.818 46.913-26.667 78.667-8.376 16.783-20.032 34.658-32 53.333-15.166-17.948-30.619-35.952-48-53.333s-35.385-32.835-53.333-48c18.676-11.968 36.551-23.624 53.333-32 31.753-15.848 60.16-24.496 78.667-26.667zM320 262.667c20.099-0.565 46.179 4.607 77.333 16 21.878 8 44.988 20.4 69.334 34.667-26.962 22.445-54.705 45.372-81.333 72s-49.555 54.372-72 81.333c-14.267-24.345-26.667-47.456-34.667-69.334-22.786-62.309-17.705-103.628-1.333-120 8.187-8.187 22.568-14.101 42.667-14.667zM858.666 264c49.929 69.864 80 155.324 80 248 0 236.147-190.52 426.667-426.667 426.667-92.676 0-178.136-30.071-248-80 8.458 0.452 16.952-0.35 25.334-1.333 33.526-3.933 67.743-17.239 105.333-36 28.286-14.117 58.766-33.617 89.333-54.667 38.591 25.496 76.046 45.031 113.333 58.667 77.884 28.481 157.856 32.811 209.334-18.667s47.148-131.449 18.667-209.334c-13.636-37.288-33.171-74.743-58.667-113.333 21.049-30.568 40.549-61.046 54.667-89.333 18.761-37.591 32.066-71.808 36-105.333 0.984-8.381 1.785-16.874 1.333-25.334zM540 362.667c21.922 17.32 42.739 36.073 64 57.334s40.013 42.077 57.334 64c-24.611 30.88-52.825 62.159-84 93.333s-62.453 59.389-93.333 84c-21.922-17.32-42.739-36.073-64-57.334s-40.013-42.077-57.334-64c24.611-30.88 52.825-62.159 84-93.333s62.453-59.389 93.333-84zM512 469.334c-23.564 0-42.667 19.103-42.667 42.667s19.103 42.667 42.667 42.667c23.564 0 42.667-19.103 42.667-42.667s-19.103-42.667-42.667-42.667zM710.666 557.333c14.267 24.345 26.667 47.456 34.667 69.334 22.786 62.309 17.705 103.628 1.333 120s-57.69 21.452-120-1.333c-21.878-8-44.988-20.4-69.334-34.667 26.962-22.445 54.705-45.372 81.333-72s49.555-54.372 72-81.333zM310.666 612c15.166 17.948 30.619 35.952 48 53.333s35.385 32.835 53.333 48c-18.676 11.968-36.551 23.624-53.333 32-31.753 15.848-60.16 24.496-78.667 26.667s-24.281-1.616-25.334-2.667c-1.052-1.051-4.837-6.827-2.667-25.334s10.818-46.913 26.667-78.667c8.376-16.783 20.032-34.658 32-53.333z"
      ],
      "tags": [
        "gyroscope"
      ],
      "defaultCode": 57510,
      "grid": 16
    },
    {
      "paths": [
        "M580.631 372.083v0c-3.39-1.695-6.774-1.695-10.157 0v0l-111.763 66.042-16.931-10.157c-30.478-16.931-130.389-74.51-299.724-172.725v0c-221.83-128.694-353.913-204.899-392.86-226.909v0c-1.695-1.695-5.079-1.695-8.469 0v0c-22.016 11.853-38.947 22.016-50.799 30.478v0c-5.079 3.39-8.469 6.774-13.547 11.853v0c-18.626 25.4-15.242 45.721 8.469 64.347v0c259.082 194.735 389.477 292.951 389.477 292.951l-176.109-74.51c-20.321-8.469-45.721-8.469-76.199-1.695v0c-18.626 5.079-33.868 11.853-47.415 20.321v0c-5.079 8.469-5.079 13.547 3.39 18.626v0c11.853 6.774 40.642 23.705 89.746 52.494v0c137.162 79.589 221.83 128.694 250.62 145.631v0c10.157 5.079 23.705 8.469 38.947 13.547v0h13.547l-294.645 171.031c-1.695 1.695-3.39 5.079-5.079 8.469v106.684c1.695 1.695 3.39 5.079 8.469 10.157v0c25.4 15.242 55.878 32.174 88.058 50.799v0c5.079 1.695 8.469 1.695 10.157 1.695v0c259.082-150.71 389.477-225.22 391.166-225.22l1.695 5.079c0 5.079 3.39 10.157 8.469 16.931s13.547 13.547 22.016 18.626v0c225.22 130.389 338.671 196.43 338.671 196.43v0c18.626-11.853 27.095-18.626 27.095-18.626v0c15.242-18.626 15.242-35.563 0-50.799v0c-176.109-137.162-264.167-206.588-264.167-208.283v0c485.996 203.204 729.841 304.806 729.841 304.806v0c10.157 5.079 23.705 6.774 40.642 6.774v0c25.4 0 47.415-5.079 62.652-13.547v0c15.242-8.469 22.016-13.547 23.705-13.547v0c-458.901-265.856-689.2-397.939-689.2-397.939v0c-5.079-1.695-8.469-3.39-8.469-3.39v0c-8.469-1.695-13.547-3.39-15.242-5.079v0c16.931-8.469 25.4-13.547 25.4-13.547v0c3.39-1.695 5.079-3.39 6.774-6.774v-49.111c27.095 15.242 40.642 23.705 40.642 23.705v0c1.695 1.695 5.079 1.695 10.157 0v0c49.111-28.79 81.284-47.415 96.52-55.878v0c1.695-3.39 3.39-6.774 5.079-8.469v0-108.373c0-1.695-1.695-5.079-3.39-6.774v0c-30.478-20.321-60.963-37.252-93.136-52.494v0c-3.39-1.695-6.774-1.695-8.469 0v0c-54.189 30.478-86.363 49.111-98.215 55.878v0c-1.695 1.695-1.695 3.39-3.39 5.079v0 50.799zM565.389 402.568v79.589l-672.266 386.087v-77.894l316.661-182.883h15.242c11.853-1.695 25.4-3.39 40.642-6.774s28.79-8.469 40.642-13.547v0c79.589-45.721 140.552-82.973 186.273-110.067v0c5.079-5.079 5.079-10.157 1.695-15.242v0c-8.469-5.079-13.547-8.469-13.547-10.157zM294.448 566.825v0c-16.931 8.469-37.252 15.242-62.652 16.931v0c-44.026 3.39-79.589-1.695-106.684-16.931v0c-213.362-123.615-320.045-184.578-321.74-186.273l15.242-5.079c8.469-3.39 22.016-5.079 37.252-6.774 15.242 0 30.478 3.39 49.111 10.157v0c113.457 49.111 196.43 84.668 245.541 104.989v0c1.695 1.695 5.079 0 8.469-1.695v0c10.157-5.079 10.157-11.853 0-18.626v0c-243.846-184.578-397.939-299.724-460.596-345.445v0c-11.853-10.157-11.853-23.705 0-38.947v0c30.478-18.626 45.721-28.79 47.415-28.79l719.678 418.26zM719.482 314.511v77.894l-72.815 42.337v-77.894z"
      ],
      "tags": [
        "dragonfly"
      ],
      "defaultCode": 57511,
      "grid": 16
    },
    {
      "paths": [
        "M816.573 442.438v0c-5.115-2.046-9.207-3.069-14.322-3.069v0c-3.069 0-5.115 0-8.184 1.023v0c-12.276 4.092-18.413 12.276-17.391 25.575v113.551h-322.238v-332.468h112.527c5.115 0 9.207-1.023 14.322-3.069v0l4.092-4.092c10.23-9.207 12.276-20.459 5.115-32.735l-162.654-193.343c-2.046-4.092-5.115-7.161-9.207-9.207v0c-1.023-1.023-3.069-2.046-5.115-3.069v0c-13.299-4.092-23.529 0-30.689 12.276l-167.768 193.343c-2.046 4.092-3.069 9.207-4.092 14.322v0c0 3.069 0 5.115 1.023 8.184v0c4.092 12.276 12.276 18.413 25.575 17.391h113.551v355.996l-203.572 203.572-79.792-80.815c-3.069-3.069-7.161-5.115-11.253-7.161v0h-6.138c-14.322-1.023-23.529 6.138-26.597 19.437l-22.505 251.652c-1.023 5.115-1.023 9.207 0 14.322v0c0 1.023 1.023 3.069 2.046 6.138v0c7.161 12.276 16.368 16.368 29.666 12.276l255.744-18.413c3.069-1.023 7.161-3.069 12.276-7.161v0l3.069-3.069c8.184-11.253 7.161-22.505-3.069-33.758l-79.792-79.792 196.412-196.412h358.042v112.527c0 5.115 1.023 9.207 4.092 13.299v0c1.023 1.023 2.046 3.069 3.069 5.115v0c9.207 10.23 20.459 12.276 32.735 5.115l194.366-162.654c3.069-2.046 6.138-5.115 9.207-9.207v0c1.023-1.023 1.023-3.069 2.046-4.092v0c5.115-14.322 2.046-25.575-11.253-33.758z"
      ],
      "tags": [
        "gizmos"
      ],
      "defaultCode": 57512,
      "grid": 16
    },
    {
      "paths": [
        "M347.167 144.453v0c-9.214 9.214-14.333 20.476-14.333 33.786s5.119 24.571 14.333 33.786 20.476 14.333 33.786 14.333 24.571-4.095 33.786-13.31l48.119-49.143v452.523c0 13.31 5.119 24.571 14.333 33.786s21.5 14.333 34.809 14.333 24.571-5.119 33.786-14.333 13.31-20.476 13.31-33.786v-452.523l49.143 49.143c9.214 9.214 20.476 13.31 33.786 13.31s24.571-5.119 33.786-14.333 14.333-20.476 14.333-33.786-5.119-24.571-14.333-33.786l-131.048-130.024c-9.214-9.214-20.476-14.333-33.786-14.333v0c-13.31 0-24.571 5.119-33.786 14.333zM822.214 479.238v0c-11.262-7.167-22.524-10.238-35.833-7.167s-23.548 9.214-30.714 20.476v0c-7.167 11.262-10.238 23.548-7.167 35.833 3.072 13.31 9.214 23.548 20.476 30.714l116.714 76.785-468.904 283.595-279.5-190.428 147.428-88.047c11.262-7.167 19.452-16.381 22.524-29.69s1.024-25.595-6.143-36.857v0c-7.167-11.262-16.381-18.428-29.69-21.5s-24.571-1.024-35.833 6.143l-212.952 126.952c-14.333 9.214-21.5 22.524-22.524 39.929v0c-1.024 17.405 6.143 30.714 21.5 40.953l366.523 248.785c7.167 5.119 16.381 8.19 27.643 8.19v0c8.19 0 16.381-2.048 24.571-7.167l561.047-337.857c15.357-9.214 22.524-22.524 22.524-39.929v0c1.024-17.405-6.143-30.714-21.5-40.953z"
      ],
      "tags": [
        "normal-view"
      ],
      "defaultCode": 57513,
      "grid": 16
    },
    {
      "paths": [
        "M882.78 72.467c-12.291-7.17-25.606-10.243-39.946-10.243v0c-14.34 0-27.655 3.073-40.97 10.243l-59.407 34.825-179.245-103.45c-11.267-5.121-21.509-5.121-32.776 0l-413.799 239.676c-10.243 6.146-15.364 15.364-16.388 27.655v475.255c1.024 12.291 6.146 21.509 16.388 28.679l182.317 104.474v63.504c1.024 31.752 14.34 54.285 40.97 69.649v0c13.315 7.17 26.631 10.243 40.97 11.267v0c14.34 0 27.655-4.097 40.97-11.267l460.915-266.306c26.631-15.364 39.946-38.922 40.97-69.649v-532.613c-1.024-31.752-14.34-55.31-40.97-71.698v0zM676.905 145.189l-336.98 193.584c-1.024 1.024-2.049 2.049-5.121 4.097v0c-3.073 2.049-5.121 3.073-6.146 4.097l-130.080-75.795 348.247-200.754zM165.801 328.531l134.177 77.843c0 2.049 0 3.073-1.024 4.097v394.339l-133.153-76.819v-399.46zM380.895 943.085v-532.613l27.655-15.364 350.295-202.803 64.528-37.897 19.461-10.243v532.613h-1.024z"
      ],
      "tags": [
        "sections"
      ],
      "defaultCode": 57514,
      "grid": 16
    },
    {
      "paths": [
        "M48.128-0v0c-6.144 0-12.288 1.024-19.456 4.096v0c-19.456 9.216-28.672 23.552-28.672 44.032v927.744c0 6.144 1.024 12.288 4.096 19.456v0c8.192 19.456 22.528 28.672 44.032 28.672h927.744c6.144 0 12.288-1.024 19.456-4.096v0c19.456-8.192 28.672-22.528 28.672-44.032v-927.744c0-5.12-1.024-11.264-3.072-17.408v0c-8.192-20.48-23.552-30.72-45.056-30.72h-927.744zM96.256 927.744v-831.488h831.488v831.488h-831.488z"
      ],
      "tags": [
        "square"
      ],
      "defaultCode": 57515,
      "grid": 16
    },
    {
      "paths": [
        "M1023.488 44.032c-1.024-6.144-1.024-11.264-2.048-14.336v0c-1.024-3.072-4.096-6.144-8.192-11.264v0c-1.024-2.048-1.024-3.072-2.048-4.096v0c-5.12-4.096-10.24-7.168-15.36-10.24v0c-5.12-3.072-12.288-4.096-19.456-4.096h-671.744c-13.312 0-24.576 5.12-33.792 14.336l-256 252.928c-4.096 4.096-7.168 9.216-10.24 15.36v0c-3.072 5.12-4.096 11.264-4.096 18.432v673.792c0 7.168 1.024 13.312 4.096 19.456v0c8.192 19.456 22.528 29.696 44.032 29.696h671.744c6.144 0 12.288-1.024 18.432-4.096v0c3.072-1.024 6.144-3.072 9.216-6.144v0c3.072-1.024 5.12-3.072 6.144-4.096l256-252.928c9.216-9.216 13.312-21.504 13.312-34.816v-677.888zM859.648 96.256l-158.72 157.696h-535.552l158.72-157.696h535.552zM672.256 350.208v577.536h-575.488v-577.536h575.488zM768.512 321.536l159.744-158.72v539.648l-159.744 158.72v-539.648z"
      ],
      "tags": [
        "cube"
      ],
      "defaultCode": 57516,
      "grid": 16
    },
    {
      "paths": [
        "M512 0c-31.744 0-62.464 3.072-93.184 8.192v0c-117.76 21.504-217.088 78.848-295.936 171.008v0c-81.92 95.232-122.88 206.848-122.88 332.8v0 0c0 31.744 3.072 62.464 8.192 93.184v0c21.504 117.76 78.848 217.088 171.008 295.936v0c95.232 81.92 206.848 122.88 332.8 122.88v0 0c31.744 0 62.464-3.072 93.184-8.192v0c117.76-21.504 217.088-78.848 295.936-171.008v0c81.92-95.232 122.88-206.848 122.88-332.8v0c0-31.744-3.072-62.464-8.192-93.184v0c-21.504-117.76-78.848-217.088-171.008-295.936v0c-95.232-81.92-206.848-122.88-332.8-122.88v0zM926.719 492.544c-2.048 8.192-11.264 15.36-28.672 22.528v0c-5.12 1.024-9.216 3.072-12.288 5.12v0c-1.024 0-3.072 0-5.12 1.024v0c-87.040 27.648-209.92 40.96-368.64 40.96v0c-41.984 0-88.064-2.048-137.216-5.12v0-45.056c0-141.312 21.504-254.976 64.512-342.016v0c24.576-49.152 49.152-73.728 72.704-73.728v0 0h24.576c105.472 7.168 196.608 48.128 271.36 123.904v0c74.752 75.776 113.664 166.912 118.784 272.384v0zM354.304 126.976c-2.048 5.12-4.096 11.264-7.168 16.384v0c-46.080 101.376-68.608 224.256-68.608 368.64v0 36.864c-63.488-9.216-114.688-20.48-154.624-33.792v0c-1.024 0-2.048 0-3.072-1.024v0c-14.336-7.168-22.528-15.36-23.552-22.528v0c3.072-64.512 20.48-124.928 51.2-181.248v0c47.104-84.992 115.712-146.432 205.824-183.296v0zM108.544 610.304c46.080 15.36 105.472 27.648 177.152 35.84v0c11.264 99.328 34.816 182.272 68.608 250.88v0c-30.72-13.312-60.416-29.696-88.064-49.152v0c-80.896-60.416-134.144-139.264-157.696-237.568v0zM512 927.744c-14.336 0-29.696-10.24-46.080-29.696v0c-39.936-50.176-67.584-132.096-82.944-243.712v0c41.984 3.072 83.968 4.096 128 4.096v0c175.104 0 310.272-15.36 404.48-47.104v0c-19.456 80.896-60.416 149.504-122.88 207.872v0c-79.872 72.704-173.056 108.544-280.576 108.544v0z"
      ],
      "tags": [
        "sphere"
      ],
      "defaultCode": 57517,
      "grid": 16
    },
    {
      "paths": [
        "M1022.975 228.352v0c0-1.024 0-2.048 1.024-3.072v0-3.072c-1.024-61.44-44.032-112.64-130.048-153.6v0c-99.328-46.080-227.328-68.608-381.952-68.608v0c-138.24 0-257.024 19.456-354.304 57.344v0c-105.472 40.96-157.696 95.232-157.696 163.84v0c0 1.024 0 2.048 1.024 3.072h-1.024v574.464h1.024c-1.024 2.048-1.024 3.072-1.024 4.096v0c1.024 60.416 44.032 111.616 131.072 152.576v0c99.328 46.080 226.304 68.608 380.928 68.608v0c138.24 0 257.024-19.456 354.304-57.344v0c105.472-40.96 157.696-95.232 157.696-163.84v0c0-1.024 0-2.048-1.024-5.12v0-569.344zM512 96.256c148.48 0 266.24 21.504 353.28 65.536v0c41.984 21.504 62.464 41.984 62.464 59.392v0c-1.024 18.432-21.504 37.888-61.44 59.392v0c-86.016 44.032-203.776 66.56-354.304 66.56v0c-148.48 0-266.24-22.528-353.28-66.56v0c-41.984-21.504-62.464-40.96-62.464-59.392v0c1.024-17.408 21.504-36.864 61.44-58.368v0c86.016-44.032 203.776-66.56 354.304-66.56v0zM927.743 802.816c-1.024 1.024-1.024 2.048-1.024 3.072v2.048h-1.024c-4.096 17.408-24.576 34.816-60.416 54.272v0c-84.992 44.032-202.752 65.536-353.28 65.536v0c-132.096 0-241.664-18.432-327.68-54.272v0c-52.224-22.528-80.896-45.056-86.016-66.56h-2.048v-450.56c10.24 5.12 21.504 11.264 33.792 17.408v0c99.328 46.080 226.304 68.608 381.952 68.608v0c17.408 0 33.792 0 51.2-1.024v0c154.624-6.144 276.48-34.816 364.544-84.992v446.464z"
      ],
      "tags": [
        "cylinder"
      ],
      "defaultCode": 57518,
      "grid": 16
    },
    {
      "paths": [
        "M997.888 673.792l-5.12-7.168c-4.096-6.144-7.168-10.24-8.192-12.288l-432.128-633.856c-9.216-13.312-22.528-19.456-39.936-20.48v0c-16.384 1.024-29.696 7.168-39.936 20.48l-445.44 653.312c-1.024 0-1.024 1.024-2.048 3.072v0c0 1.024 0 2.048-1.024 3.072v0c-14.336 25.6-21.504 52.224-22.528 78.848v0c1.024 68.608 41.984 128 124.928 177.152v0c99.328 58.368 227.328 88.064 386.048 88.064v0c155.648 0 282.624-28.672 381.952-86.016v0c84.992-49.152 128-108.544 128-179.2v0c0-27.648-8.192-55.296-24.576-82.944v-2.048zM512.513 927.744c-128 0-235.52-22.528-321.536-66.56v0c-61.44-31.744-92.16-66.56-92.16-102.4v0c0-9.216 3.072-20.48 8.192-31.744h-1.024l9.216-13.312 1.024-1.024 379.904-556.032c1.024-2.048 4.096-4.096 7.168-6.144v0c10.24-5.12 18.432-3.072 25.6 6.144l333.824 489.472 43.008 63.488c13.312 16.384 20.48 32.768 21.504 49.152v0c0 19.456-10.24 39.936-31.744 59.392-21.504 20.48-50.176 38.912-86.016 54.272-35.84 16.384-79.872 29.696-132.096 39.936s-107.52 15.36-164.864 15.36v0z"
      ],
      "tags": [
        "cone"
      ],
      "defaultCode": 57519,
      "grid": 16
    },
    {
      "paths": [
        "M798.844 169.639v-1.028c-8.225-22.618-25.703-43.181-52.434-60.659v0c-55.518-35.984-133.655-53.462-234.41-53.462v0c-42.153 0-83.277 4.112-122.345 11.309v0c-93.558 19.534-148.048 53.462-164.498 102.811l-1.028 1.028-199.454 449.285c-16.45 25.703-24.675 54.49-24.675 84.305v0c1.028 68.883 42.153 127.486 125.43 177.864v0c99.727 58.602 228.241 88.418 386.57 88.418v0c156.273 0 283.759-28.787 383.486-86.361v0c85.334-49.35 128.514-108.98 128.514-179.92v0c0-29.815-8.225-58.602-24.675-86.361zM512 151.133c30.843 0 59.631 2.056 87.39 6.169v0c54.49 9.253 90.474 21.59 106.924 39.068v0c-3.085 3.085-6.169 5.141-11.309 8.225v0c-40.096 25.703-101.783 38.040-183.004 38.040v0c-30.843-1.028-59.631-3.085-87.39-7.197v0c-54.49-9.253-90.474-21.59-106.924-39.068v0c3.085-2.056 6.169-5.141 11.309-8.225v0c40.096-24.675 101.783-37.012 183.004-37.012v0zM512 872.868c-128.514 0-236.466-22.618-322.827-66.827v0c-61.687-31.872-92.53-66.827-92.53-102.811v0c0-5.141 1.028-10.281 3.085-17.478h-1.028l3.085-7.197c1.028-1.028 1.028-3.085 2.056-5.141l1.028-1.028v-1.028l120.289-266.281 52.434-118.233c56.546 33.928 134.683 51.406 234.41 51.406v0c99.727 0 177.864-17.478 234.41-52.434l52.434 118.233 120.289 266.281c0 1.028 1.028 2.056 2.056 3.085v0c0 1.028 1.028 4.112 2.056 7.197l2.056 4.112c2.056 6.169 3.085 12.337 3.085 17.478v0c-1.028 35.984-30.843 69.912-89.446 101.783v0c-86.361 46.265-195.341 68.883-326.94 68.883v0z"
      ],
      "tags": [
        "cone-truncated"
      ],
      "defaultCode": 57520,
      "grid": 16
    },
    {
      "paths": [
        "M798.844 169.639v-1.028c-8.225-22.618-25.703-43.181-52.434-60.659v0c-55.518-35.984-133.655-53.462-234.41-53.462v0c-42.153 0-83.277 4.112-122.345 11.309v0c-93.558 19.534-148.048 53.462-164.498 102.811l-1.028 1.028-199.454 449.285c-16.45 25.703-24.675 54.49-24.675 84.305v0c1.028 68.883 42.153 127.486 125.43 177.864v0c99.727 58.602 228.241 88.418 386.57 88.418v0c156.273 0 283.759-28.787 383.486-86.361v0c85.334-49.35 128.514-108.98 128.514-179.92v0c0-29.815-8.225-58.602-24.675-86.361zM277.591 285.816c56.546 34.956 134.683 52.434 234.41 52.434v0c99.727 0 177.864-17.478 234.41-52.434l92.53 207.679c-93.558-38.040-202.538-56.546-326.94-57.574v0c-124.402 0-233.381 19.534-326.94 58.602l92.53-208.707zM512 151.133c30.843 0 59.631 2.056 87.39 6.169v0c54.49 9.253 90.474 21.59 106.924 39.068v0c-3.085 3.085-6.169 5.141-11.309 8.225v0c-40.096 25.703-101.783 38.040-183.004 38.040v0c-30.843-1.028-59.631-3.085-87.39-7.197v0c-54.49-9.253-90.474-21.59-106.924-39.068v0c3.085-2.056 6.169-5.141 11.309-8.225v0c40.096-24.675 101.783-37.012 183.004-37.012v0zM512 872.868c-128.514 0-236.466-22.618-322.827-66.827v0c-61.687-31.872-92.53-66.827-92.53-102.811v0c0-10.281 2.056-20.562 7.197-29.815v0c1.028-2.056 3.085-4.112 5.141-7.197v0c14.393-22.618 40.096-44.209 77.108-64.771v0c85.334-46.265 194.313-68.883 325.912-68.883v0c81.221 0 156.273 10.281 226.185 29.815v0c89.446 25.703 149.076 59.631 176.835 101.783v1.028c1.028 2.056 3.085 5.141 6.169 9.253v0c5.141 9.253 7.197 19.534 7.197 28.787v0c-1.028 34.956-30.843 68.883-89.446 100.755v0c-86.361 46.265-195.341 68.883-326.94 68.883v0z"
      ],
      "tags": [
        "cone-hollow"
      ],
      "defaultCode": 57521,
      "grid": 16
    },
    {
      "paths": [
        "M0 512c0 14.336 1.024 28.672 3.072 44.032v0c15.36 86.016 66.56 159.744 154.624 220.16v0c99.328 68.608 217.088 102.4 354.305 102.4v0c20.48 0 40.96-1.024 61.44-3.072v0c131.072-11.264 239.616-52.224 326.656-124.928v0c82.944-68.608 123.904-147.456 123.904-238.592v0c0-14.336-1.024-28.672-4.096-44.032v0c-14.336-86.016-65.536-159.744-153.6-220.16v0c-99.328-68.608-218.112-102.4-354.305-102.4v0c-20.48 0-40.96 1.024-61.44 3.072v0c-132.096 11.264-240.64 52.224-327.68 124.928v0c-81.92 68.608-122.88 148.48-122.88 238.592v0zM96.256 512c1.024-69.632 38.912-131.072 112.64-185.344v0c81.92-56.32 183.296-84.992 303.104-84.992v0c118.784 1.024 221.184 30.72 307.2 88.064v0c72.704 52.224 108.544 112.64 108.544 182.272v0c-2.048 69.632-39.936 131.072-112.64 185.344v0c-82.944 56.32-183.296 84.992-303.104 84.992v0c-118.784-1.024-221.184-30.72-307.2-88.064v0c-72.704-51.2-108.544-111.616-108.544-182.272v0zM314.369 489.472c0 1.024 0 1.024 1.024 2.048v0c23.552 54.272 61.44 93.184 114.688 114.688v0c52.224 21.504 105.472 21.504 158.72 2.048v0c56.32-22.528 96.256-62.464 119.808-118.784v0c1.024-3.072 2.048-5.12 3.072-8.192v0c1.024-15.36-5.12-26.624-19.456-33.792v0c-3.072-1.024-6.144-1.024-9.216-2.048v0c-15.36-2.048-26.624 4.096-32.768 19.456v0s-3.072 5.12-8.192 14.336v0c-16.384-9.216-33.792-16.384-52.224-21.504v0c-72.704-22.528-142.336-15.36-208.896 21.504v0c-3.072-6.144-6.144-10.24-7.168-13.312v0c-1.024-2.048-2.048-4.096-4.096-7.168v0c-9.216-13.312-21.504-17.408-37.888-11.264v0c-2.048 1.024-4.096 2.048-6.144 4.096v0c-13.312 9.216-17.408 21.504-11.264 37.888v0zM421.888 531.456c3.072-2.048 7.168-4.096 11.264-5.12v0c56.32-25.6 112.64-23.552 168.96 5.12v0c-27.648 19.456-57.344 27.648-90.112 26.624v0c-32.768 1.024-62.464-7.168-90.112-26.624v0z"
      ],
      "tags": [
        "torus"
      ],
      "defaultCode": 57522,
      "grid": 16
    },
    {
      "paths": [
        "M688.345 199.019v-1.024l-1.024-1.024c-4.094-3.070-7.164-6.14-10.234-8.187l-309.062-182.162c-12.281-7.164-25.585-8.187-39.912-4.094v0c-13.304 5.117-22.514 14.327-28.655 27.631l-295.758 746.047c-1.024 3.070-2.047 7.164-3.070 11.257v0c-3.070 21.491 5.117 36.842 23.538 48.099l309.062 182.162h3.070c7.164 4.094 14.327 6.14 21.491 6.14v0c5.117 0 10.234-1.024 15.351-2.047v0l3.070-3.070c1.024-1.024 2.047-1.024 2.047-1.024v0c1.024 0 2.047 0 3.070-1.024l619.147-372.512c12.281-7.164 19.444-18.421 22.514-33.772v0c3.070-13.304-1.024-26.608-10.234-38.888zM579.866 243.024v0c8.187 5.117 10.234 13.304 7.164 22.514l-246.636 624.264c0 1.024 0 2.047-1.024 3.070v0c-5.117 8.187-12.281 10.234-20.468 5.117l-196.49-115.642c-9.211-6.14-11.257-14.327-8.187-23.538l246.636-624.264c1.024 0 1.024-1.024 2.047-2.047v0c5.117-8.187 11.257-10.234 20.468-5.117zM661.736 337.175v0c1.024-1.024 1.024-2.047 2.047-3.070v0c5.117-5.117 11.257-5.117 16.374 0l209.794 242.542c0 1.024 1.024 2.047 2.047 3.070v0c4.094 9.211 2.047 16.374-6.14 21.491l-417.541 251.752c-1.024 1.024-2.047 1.024-3.070 1.024v0c-5.117-1.024-6.14-3.070-5.117-8.187z"
      ],
      "tags": [
        "prism"
      ],
      "defaultCode": 57523,
      "grid": 16
    },
    {
      "paths": [
        "M512.001 1024c6.145 0 12.291-1.024 18.436-4.097v0c109.595-46.091 207.924-111.644 292.937-196.657v0c82.965-82.965 148.517-180.269 196.657-291.913v0c5.121-12.291 5.121-24.582 0-37.897v0c-46.091-109.595-111.644-207.924-196.657-292.937v0c-85.013-85.013-183.342-150.565-292.937-196.657v0c-11.267-5.121-23.558-5.121-36.873 0v0c-111.644 47.116-208.948 112.668-292.937 196.657v0c-85.013 85.013-150.565 183.342-196.657 292.937v0c-5.121 11.267-5.121 23.558 0 36.873v0c47.116 110.619 112.668 207.924 196.657 292.937v0c85.013 83.989 182.317 149.541 292.937 196.657v0c5.121 3.073 11.267 4.097 18.436 4.097v0zM100.249 511.872c41.994-91.159 97.304-173.099 167.978-243.773v0c70.673-69.649 151.59-125.983 243.773-167.978v0c91.159 40.97 172.075 97.304 243.773 167.978v0c70.673 70.673 127.008 151.59 167.978 242.749v0c-41.994 92.183-97.304 173.099-167.978 243.773v0c-71.698 70.673-152.614 127.008-243.773 169.002v0c-90.134-40.97-171.051-97.304-243.773-167.978v0c-69.649-70.673-125.983-151.59-167.978-243.773v0z"
      ],
      "tags": [
        "paraboloid"
      ],
      "defaultCode": 57524,
      "grid": 16
    },
    {
      "paths": [
        "M1022.978 205.649c-1.024-6.144-2.048-11.264-3.072-15.36v0c0-1.024-1.024-3.072-2.048-5.12v0c-2.048-3.072-5.12-7.168-9.216-11.264v0l-3.072-3.072c-4.096-3.072-9.216-6.144-15.36-8.192l-407.552-120.832c-8.192-2.048-16.384-2.048-23.552-1.024l-128 26.624c-9.216 2.048-18.432 6.144-25.6 13.312v0c-2.048 3.072-3.072 5.12-4.096 6.144v0c-5.12 7.168-8.192 16.384-9.216 26.624v0 0 0 113.664l-91.136 20.48c-10.24 3.072-18.432 7.168-25.6 14.336v0l-2.048 2.048c-1.024 1.024-1.024 2.048-2.048 3.072v0c-5.12 7.168-8.192 16.384-9.216 27.648v0 0 0 114.688l-92.16 20.48c-9.216 2.048-17.408 6.144-24.576 12.288v0c0 1.024-1.024 2.048-2.048 4.096v0l-3.072 3.072c-5.12 8.192-8.192 17.408-8.192 26.624v0 0 0 115.712l-94.208 21.504h-1.024c-8.192 2.048-16.384 6.144-23.552 13.312v0c-1.024 1.024-2.048 3.072-5.12 7.168v0c-5.12 7.168-7.168 16.384-8.192 25.6v0 0 155.648c0 5.12 1.024 9.216 3.072 14.336 1.024 5.12 4.096 10.24 7.168 13.312 3.072 4.096 6.144 7.168 10.24 10.24s9.216 6.144 14.336 8.192l406.528 120.832c5.12 1.024 10.24 2.048 13.312 2.048v0c2.048 0 6.144 0 11.264-1.024l521.216-118.784c2.048-1.024 5.12-1.024 8.192-2.048v0c19.456-9.216 28.672-23.552 28.672-44.032v-611.328l-1.024-1.024zM799.746 270.161v53.248l-311.296-92.16v-53.248zM669.698 451.409v53.248l-311.296-92.16v-53.248zM538.626 633.681v54.272l-311.296-93.184v-53.248zM407.554 816.977v54.272l-311.296-92.16v-54.272zM502.786 876.369v-56.32l94.208-21.504c5.12-1.024 10.24-3.072 15.36-6.144v0c0-1.024 1.024-1.024 2.048-2.048v0l2.048-2.048c3.072-2.048 5.12-4.096 7.168-6.144v0c1.024-3.072 2.048-4.096 3.072-5.12v0c1.024-2.048 3.072-5.12 5.12-8.192v0c0-1.024 0-2.048 1.024-4.096v0-3.072c1.024-4.096 2.048-7.168 2.048-8.192v-116.736l93.184-20.48c5.12-1.024 10.24-3.072 14.336-6.144v0l5.12-5.12c3.072-2.048 5.12-4.096 7.168-6.144v0c1.024-2.048 3.072-4.096 4.096-6.144v0c2.048-5.12 3.072-7.168 4.096-8.192v0c1.024-3.072 1.024-5.12 1.024-7.168v0c1.024-3.072 1.024-5.12 2.048-8.192v-114.688l91.136-19.456c4.096-1.024 9.216-3.072 15.36-6.144v0c1.024-1.024 2.048-2.048 4.096-3.072v0c3.072-2.048 5.12-4.096 8.192-7.168v0c1.024-1.024 2.048-3.072 3.072-5.12v0c0-1.024 1.024-2.048 2.048-4.096v0c1.024-1.024 2.048-3.072 2.048-4.096v0c1.024-3.072 1.024-5.12 1.024-7.168l2.048-7.168v-116.736l32.768-7.168v512z"
      ],
      "tags": [
        "stairs"
      ],
      "defaultCode": 57525,
      "grid": 16
    },
    {
      "paths": [
        "M632.823 591.827c3.072 0 6.144-1.024 10.239-2.048v0c14.335-4.096 21.502-14.335 21.502-30.718v-95.225c0-3.072 0-7.168-1.024-10.239v0c-5.12-14.335-15.359-21.502-30.718-21.502v0c-3.072 0-7.168 0-10.239 1.024v0c-14.335 5.12-21.502 15.359-21.502 30.718v95.225c0 3.072 0 7.168 1.024 10.239v0c5.12 15.359 15.359 22.526 30.718 22.526v0zM273.426-0h-1.024c-7.168 0-13.311 1.024-18.431 4.096v0c-19.455 8.191-28.67 22.526-28.67 44.029v928.698c0 6.144 1.024 12.287 4.096 19.455v0c8.191 19.455 22.526 28.67 44.029 27.646h477.148c6.144 0 12.287-1.024 19.455-4.096v0c19.455-8.191 28.67-22.526 28.67-44.029v-927.674c0-6.144-1.024-12.287-4.096-19.455v0c-8.191-19.455-22.526-28.67-44.029-28.67h-477.148zM320.527 927.674v-831.426h381.923v831.426h-381.923z"
      ],
      "tags": [
        "door"
      ],
      "defaultCode": 57526,
      "grid": 16
    },
    {
      "paths": [
        "M573.505 0.13v0c-13.31-1.024-24.573 4.095-34.811 13.31v0c-9.215 9.215-14.334 21.501-15.358 34.811v138.222l-298.97 40.955c-3.072 1.024-7.167 2.048-11.263 3.072v0c-19.454 8.191-29.692 23.549-29.692 45.051v159.724l-75.766 67.576c-10.239 10.239-15.358 22.525-16.382 35.835v363.474c1.024 0 1.024 1.024 1.024 2.048v0c1.024 21.501 11.263 35.835 31.74 43.003l208.87 74.742c4.095 1.024 9.215 2.048 16.382 2.048v0c4.095 0 8.191-1.024 13.31-2.048l611.25-181.225c2.048-1.024 4.095-1.024 6.143-2.048v0c19.454-8.191 28.668-22.525 28.668-44.026v-726.948c-1.024-5.12-2.048-11.263-4.095-17.406v0c-7.167-19.454-20.477-29.692-41.979-30.716zM603.197 464.966l-323.543-50.17v-84.981l323.543 45.051v90.101zM603.197 570.425v88.053l-415.691 14.334v-88.053zM603.197 769.055v81.91l-205.798 61.432v-83.957zM671.797 101.493v0zM301.156 828.44v79.862l-113.65-39.931v-78.838zM699.441 192.617l212.965-61.432v627.632l-212.965 63.48v-629.68z"
      ],
      "tags": [
        "stairs-curved"
      ],
      "defaultCode": 57527,
      "grid": 16
    },
    {
      "paths": [
        "M1024 510.467c-3.068-104.323-25.569-196.373-69.549-277.172v0c-25.569-48.070-61.367-85.913-105.346-112.505v0c-37.843-22.501-73.64-33.751-107.391-33.751l-286.377-7.16c-5.114 0-12.274 1.023-21.479 3.068v0c-91.027 17.387-163.644 55.23-217.851 115.573l-9.205 10.227-1.023 1.023c-41.934 46.025-71.594 83.868-90.004 113.528-19.433 29.661-41.934 77.731-68.526 144.211v0c-5.114 11.25-9.205 24.546-13.296 37.843v0c-29.661 92.050-39.888 192.281-30.683 299.673v0c3.068 19.433 13.296 32.728 30.683 39.888l257.739 96.141c5.114 2.045 11.25 3.068 17.387 3.068v0c7.16 0 13.296-1.023 20.456-4.091l209.668-99.209c17.387-9.205 26.592-23.524 26.592-45.002v0c1.023-47.048 2.045-70.571 2.045-71.594v0c3.068-35.797 14.319-77.731 34.775-126.825v0c6.137 17.387 17.387 27.615 34.775 32.728l226.033 48.070v-1.023c12.274 2.045 22.501 1.023 29.661-3.068l102.277-48.070c17.387-8.182 26.592-22.501 27.615-41.934l1.023-65.458v-8.182zM136.231 502.285c20.456-50.116 37.843-88.982 53.184-115.573v0c15.342-26.592 43.98-64.434 87.959-113.528l10.227-11.25c25.569-27.615 59.321-51.139 103.3-68.526v0c31.706-12.274 55.23-18.409 68.526-18.409l65.458 2.045c-6.137 5.114-17.387 16.364-33.751 31.706v0c-3.068 4.091-8.182 9.205-14.319 16.364v0c-74.663 86.936-130.915 190.236-168.758 308.878v0c-31.706 97.164-48.070 194.327-49.093 292.513l-160.576-60.344c-5.114-100.232 8.182-188.191 37.843-263.876v0zM682.393 473.648c13.296-11.25 25.569-19.433 38.865-25.569v0c16.364-5.114 24.546-7.16 24.546-7.16v0h6.137c15.342 1.023 30.683 14.319 48.070 39.888v0c13.296 21.479 21.479 52.162 25.569 91.027l-130.915-28.638c-3.068-28.638-7.16-52.162-12.274-69.549v0zM920.699 555.47v0c-5.114-50.116-19.433-93.072-40.911-127.847v0c-35.797-54.207-78.754-80.8-130.915-81.822v0h-9.205c-67.503 5.114-126.825 47.048-177.962 123.756v0c-3.068 5.114-7.16 11.25-10.227 16.364v0c-43.98 73.64-70.571 150.348-78.754 231.147l-2.045 49.093-115.573 54.207c2.045-86.936 16.364-171.826 43.98-256.717v0c19.433-57.275 43.98-112.505 74.663-165.69v0c32.728-56.252 62.389-97.164 88.982-123.756l1.023-1.023c3.068-3.068 6.137-7.16 11.25-12.274 4.091-4.091 12.274-11.25 24.546-21.479s24.546-19.433 37.843-26.592c12.274-7.16 27.615-14.319 46.025-20.456s35.797-9.205 53.184-9.205h3.068c3.068 0 6.137 0 11.25 1.023v0c51.139 9.205 91.027 40.911 119.665 94.095v0c35.797 67.503 55.23 145.234 58.298 234.216v7.16l-1.023 32.728z"
      ],
      "tags": [
        "arch"
      ],
      "defaultCode": 57528,
      "grid": 16
    },
    {
      "paths": [
        "M813.567 228.352v0-3.072c1.024-1.024 1.024-2.048 1.024-3.072v0c-1.024-61.44-26.624-112.64-77.824-153.6v0c-58.368-46.080-134.144-68.608-225.28-68.608v0c-70.656 0-133.12 14.336-187.392 44.032v0c-76.8 41.984-114.688 100.352-114.688 177.152v581.631c0 19.456 3.072 38.912 9.216 57.344 5.12 18.432 13.312 34.816 24.576 49.152 10.24 15.36 22.528 28.672 37.888 40.96 14.336 12.288 30.72 22.528 48.128 31.744s36.864 17.408 56.32 23.552 39.936 10.24 61.44 13.312 43.008 5.12 64.512 5.12v0c70.656 0 133.12-14.336 187.392-44.032v0c76.8-41.984 114.688-100.352 114.688-177.152v-574.464zM756.223 667.648c-6.144-6.144-13.312-12.288-20.48-18.432v0c-58.368-45.056-133.12-67.584-224.256-67.584v0c-10.24 0-20.48 0-31.744 1.024v0c-91.136 6.144-162.816 34.816-214.016 84.992v-311.296c6.144 6.144 13.312 12.288 21.504 18.432v0c58.368 45.056 133.12 67.584 224.256 67.584v0c11.264 0 21.504 0 32.768-1.024v0c91.136-6.144 161.792-34.816 211.968-84.992v311.296zM511.488 96.256c78.848 0 143.36 18.432 194.56 54.272v0c33.792 24.576 51.2 48.128 51.2 70.656v0c-1.024 18.432-13.312 37.888-36.864 59.392v0c-50.176 44.032-119.808 66.56-208.896 66.56v0c-77.824-1.024-142.336-19.456-194.56-55.296v0c-33.792-24.576-51.2-48.128-51.2-70.656v0c1.024-17.408 13.312-36.864 36.864-58.368v0c50.176-44.032 119.808-66.56 208.896-66.56v0zM511.488 927.744c-78.848 0-143.36-18.432-194.56-54.272v0c-33.792-24.576-51.2-48.128-51.2-70.656v0c1.024-18.432 13.312-37.888 36.864-59.392v0c50.176-44.032 119.808-66.56 208.896-66.56v0c78.848 0 143.36 18.432 194.56 55.296v0c33.792 24.576 51.2 48.128 51.2 70.656v0c0 5.12-1.024 10.24-3.072 15.36s-5.12 11.264-9.216 17.408c-5.12 6.144-10.24 12.288-16.384 18.432s-13.312 12.288-21.504 18.432-17.408 12.288-27.648 17.408-21.504 10.24-33.792 15.36-25.6 9.216-38.912 12.288-28.672 6.144-45.056 7.168c-16.384 2.048-32.768 3.072-50.176 3.072v0z"
      ],
      "tags": [
        "pipe"
      ],
      "defaultCode": 57529,
      "grid": 16
    },
    {
      "paths": [
        "M477.704 1023.999v0c7.171 0 13.317-1.025 19.464-4.098v0c19.464-8.195 28.683-22.537 28.683-44.050v-392.349c1.025-33.806 8.195-67.611 22.537-103.466v0c38.927-100.392 115.758-150.588 229.468-150.588v0c6.146 0 12.293-1.025 18.439-3.073v0c19.464-9.22 29.708-23.562 29.708-44.050v-233.566c-1.025-6.146-2.049-12.293-3.073-17.415v0c-7.171-19.464-21.513-29.708-42.001-30.732v0c-23.562-1.025-50.196-1.025-78.88 2.049v0c-144.442 13.317-264.298 70.684-357.52 171.077v0c-33.806 35.854-62.489 76.831-85.026 121.905v0c-46.098 91.173-66.587 186.443-60.44 285.811v394.399c1.025 13.317 5.122 24.586 14.342 33.806v0c9.22 9.22 20.488 13.317 33.806 14.342h230.492zM729.709 221.885v0c-1.025 9.22-5.122 14.342-14.342 16.39v0c-92.197 14.342-164.93 59.416-217.175 134.198v0c-43.025 62.489-65.562 132.149-67.611 208.98v328.836c-2.049 9.22-8.195 15.366-17.415 17.415h-100.392c-9.22-1.025-15.366-7.171-17.415-17.415v-331.909c-1.025-11.269-1.025-24.586-1.025-37.903v0c3.073-117.807 43.025-218.199 119.856-301.177v0c76.831-82.978 176.199-130.1 298.104-141.369v0h3.073c9.22 1.025 14.342 7.171 14.342 16.39v107.563z"
      ],
      "tags": [
        "bend"
      ],
      "defaultCode": 57530,
      "grid": 16
    },
    {
      "paths": [
        "M976.78 256.192c0-8.19-2.047-15.356-5.119-21.499v0-2.047h-1.024c-3.071-6.142-8.19-11.261-14.332-15.356v0c-1.024 0-1.024 0-1.024-1.024h-2.047l-2.047-2.047-418.711-208.844c-14.332-7.166-28.665-7.166-42.997 0l-415.639 207.82h-1.024c-1.024 1.024-1.024 1.024-2.047 1.024h-1.024v1.024l-1.024 1.024c-7.166 4.095-12.285 9.214-15.356 15.356v0 2.047c-4.095 6.142-6.142 13.309-6.142 21.499v511.871c0 19.451 8.19 33.784 25.594 42.997l416.663 208.844c7.166 3.071 14.332 5.119 21.499 5.119v0c7.166 0 14.332-2.047 21.499-5.119l417.687-208.844c17.404-9.214 26.617-23.546 26.617-42.997v-510.848zM462.861 495.748v147.419l-111.588-57.33v-146.395zM636.897 349.353l-125.92 62.448-54.258-26.617-46.068-24.57 310.194-154.585 100.327 50.163zM881.572 333.996v147.419l-322.479 161.751v-147.419zM613.351 151.77l-310.194 155.609-101.351-51.187 309.17-154.585zM255.041 390.302v226.247c0 19.451 8.19 33.784 25.594 42.997l182.226 92.137v147.419l-320.432-160.728v-404.378zM559.093 751.684l322.479-161.751v148.442l-322.479 160.728v-147.419z"
      ],
      "tags": [
        "assembly"
      ],
      "defaultCode": 57531,
      "grid": 16
    },
    {
      "paths": [
        "M1067.043 231.532v-3.145c-1.573-1.573-1.573-1.573-1.573-3.145v0c-1.573-7.862-3.145-14.151-6.289-20.441v0-3.145l-3.145-1.573c-4.717-9.434-9.434-15.723-15.723-20.441v0c0-1.573 0-1.573-1.573-3.145v0c-6.289-4.717-11.007-6.289-12.579-7.862l-320.761-160.38c-22.013-11.007-44.026-11.007-66.039 0l-641.521 320.761c-3.145 1.573-7.862 3.145-12.579 7.862l-3.145 3.145c-4.717 4.717-11.007 12.579-15.723 20.441l-1.573 1.573v1.573s0 1.573-1.573 1.573v0c-1.573 7.862-3.145 14.151-4.717 22.013v0c0 1.573 0 3.145-1.573 4.717v394.662c0 29.875 14.151 51.888 40.881 66.039l320.761 163.525h1.573c11.007 4.717 20.441 7.862 31.447 7.862v0c11.007 0 22.013-3.145 31.447-7.862v0h1.573l641.521-323.906c26.73-14.151 40.881-36.164 40.881-66.039v-394.662zM828.044 234.677l-476.424 238.998-157.235-78.618 477.996-238.998zM277.719 602.608v227.991l-172.959-88.052v-227.991zM425.521 602.608l493.72-248.432v227.991l-493.72 248.432v-227.991z"
      ],
      "tags": [
        "part"
      ],
      "defaultCode": 57532,
      "grid": 16
    }
  ],
  "preferences": {
    "showGlyphs": true,
    "showCodes": true,
    "showQuickUse": true,
    "showQuickUse2": true,
    "showSVGs": true,
    "fontPref": {
      "prefix": "icon-",
      "metadata": {
        "fontFamily": "icomoon",
        "majorVersion": 1,
        "minorVersion": 0
      },
      "metrics": {
        "emSize": 512,
        "baseline": 6.25,
        "whitespace": 50
      },
      "embed": false,
      "showMetrics": true,
      "showMetadata": false
    },
    "imagePref": {
      "prefix": "icon-",
      "png": true,
      "useClassSelector": true,
      "color": 0,
      "bgColor": 16777215
    },
    "historySize": 50,
    "gridSize": 16,
    "showLiga": false
  },
  "IcoMoonType": "icon-set"
}